{"name":"Dashboard Only","id":"122626188|undefined","type":"custom","source":"google_analytics","dataByBrowser":{"ie":{"6":0,"7":0,"8":0,"9":0.03588881770548019,"10":0.08280796882785685,"11":3.4091777078323413},"edge":{"12":0.03544314766843387,"13":0.1285139070716074,"14":3.0375879347217194,"15":0.21028197914635618,"16":0},"firefox":{"2":0,"3":0,"4":0,"5":0,"6":0,"7":0,"8":0,"9":0,"10":0,"11":0,"12":0.0010275170298567975,"13":0,"14":0,"15":0,"16":0,"17":0,"18":0,"19":0,"20":0,"21":0,"22":0,"23":0,"24":0,"25":0,"26":0,"27":0.0023521474177444763,"28":0.006759328895202548,"29":0.0025007040967599168,"30":0.002203590738729036,"31":0.0160317416104163,"32":0.0005942267160617624,"33":0.02191211015477749,"34":0.006920265297469276,"35":0.007650668969295191,"36":0.0032311077685858334,"37":0.00912385603619831,"38":0.016316475245195892,"39":0.002946374133806239,"40":0.028250528459436288,"41":0.03425469423631035,"42":0.033957580878279464,"43":0.03249677353462763,"44":0.003540600849868001,"45":0.2270441244285984,"46":0.010881776737881025,"47":0.0783884076271475,"48":0.380565072467805,"49":0.04750099811518714,"50":1.3724161196376454,"51":2.1603112262425372,"52":2.7295309013367004,"53":3.300075206818751,"54":0.21881160846649272,"55":0,"56":0,"57":0,"3.5":0,"3.6":0},"chrome":{"4":0,"5":0,"6":0,"7":0,"8":0,"9":0,"10":0,"11":0.004407181477458072,"12":0,"13":0,"14":0,"15":0,"16":0,"17":0,"18":0,"19":0,"20":0,"21":0,"22":0,"23":0.0025007040967599168,"24":0.0005942267160617624,"25":0,"26":0,"27":0,"28":0.0013246303878876786,"29":0,"30":0.0039738911636630365,"31":0.0013246303878876786,"32":0.004568117879724799,"33":0.011327446774927346,"34":0.031023586467724514,"35":0.0188295590652071,"36":0.0036767778056321547,"37":0.004258624798442631,"38":0.006326038581407513,"39":0.01927522910225342,"40":0.017356371998303977,"41":0.008381072641121107,"42":0.012342584081532859,"43":0.042053919884620976,"44":0.020005632774079334,"45":0.013097747199861348,"46":0.017207815319288538,"47":0.023100563586901015,"48":0.027359188385343645,"49":0.9758193055594243,"50":0.04133589593604635,"51":0.18836986899157868,"52":0.03442801036182836,"53":0.07395646670318685,"54":0.12501044539149328,"55":4.906331918949952,"56":10.062709488129393,"57":6.637103887542593,"58":10.862080598188227,"59":0.38068886970031784,"60":0.030602675877180765,"61":0.010299929745070548,"62":0},"safari":{"4":0,"5":0,"6":0.008529629320136548,"7":0.002797817454790798,"8":0.13778631978682115,"9":0.14516463484458805,"10":3.1256820453778755,"11":0.003379664447601274,"3.1":0,"3.2":0,"5.1":0.034106137557294906,"6.1":0.057206701144195925,"7.1":0.0050014081935198336,"9.1":0.6977459618890219,"10.1":2.766447236072038,"TP":0},"opera":{"15":0,"16":0,"17":0,"18":0,"19":0,"20":0.0017703004249340006,"21":0,"22":0,"23":0,"24":0.0008789603508413569,"25":0.009420969394229192,"26":0,"27":0,"28":0,"29":0,"30":0,"31":0,"32":0.0002971133580308812,"33":0,"34":0,"35":0,"36":0.09043387835064946,"37":0.0002971133580308812,"38":0,"39":0,"40":0,"41":0,"42":0.04913512158435698,"43":0.1698374232844025,"44":0.06500592679250655,"45":0.06265377937476208,"46":0,"47":0,"10.0-10.1":0,"11.5":0,"12.1":0.002933994410554952},"ios_saf":{"8":0.0016093640226672733,"11":0.011463623730691501,"3.2":0.00162174374591856,"4.0-4.1":0,"4.2-4.3":0,"5.0-5.1":0.0060289252233766315,"6.0-6.1":0.010881776737881025,"7.0-7.1":0.12382199195936974,"8.1-8.4":0.11796638286151112,"9.0-9.2":0.11558947599726407,"9.3":1.018294136034589,"10.0-10.2":7.191467894735213,"10.3":4.816009458108564},"op_mini":{"all":0.00411006811942719},"android":{"3":0,"4":0.01911429269998669,"56":0,"2.1":0,"2.2":0,"2.3":0.0274953653411078,"4.1":0.0567610311071496,"4.2-4.3":0.10101854173049961,"4.4":0.16353614414949755,"4.4.3-4.4.4":0},"bb":{"7":0,"10":0.005595634909581596},"op_mob":{"12":0.011216029265665766,"37":0.011216029265665766,"12.1":0.011216029265665766},"and_chr":{"59":22.561042867886687},"and_ff":{"54":0.2670677697000084},"ie_mob":{"10":0,"11":0},"and_uc":{"11.4":0.03575264074971604},"samsung":{"4":0,"5":0},"and_qq":{"1.2":0},"baidu":{"7.12":0}},"meta":{"start_date":"2017-01-01","end_date":"2017-06-22"},"uid":"custom.122626188|undefined"}